positive	growth
positive	robust
positive	smooth
positive	solid
positive	strong
positive	confidence
positive	healthy
positive	improve
positive	improved
positive	achieved
positive	delivered
negative	weakness
negative	uncertain
negative	failed
negative	headwinds
negative	risk
negative	exposure
negative	loss
negative	losses
negative	declined
negative	impairment
negative	disruption
negative	disruptions
negative	weakening
uncertainty	uncertain
uncertainty	volatile
uncertainty	cannot
uncertainty	may
uncertainty	outlook
litigious	litigation
litigious	legal
litigious	dispute
litigious	lawsuit
